,variable,correlation,p_value,corrected_p
7,government_response_total,-0.4634732216178824,3.837008688626555e-09,3.069606950901244e-08
4,basic_needs_score,0.44397362885540315,1.987942188469541e-08,1.590353750775633e-07
0,vulnerability_total,0.43190117538378203,5.2329553693874884e-08,4.1863642955099907e-07
1,governance_score,0.39791163797275075,6.572018674357225e-07,5.25761493948578e-06
3,democracy_score,-0.3646595440754188,6.035572723208371e-06,4.8284581785666965e-05
2,corruption_score,-0.3553449331909722,1.0762538087178824e-05,8.61003046974306e-05
6,conflict_score,0.24686442681487092,0.0026657076273058763,0.02132566101844701
5,inequality_score,0.1388204179928061,0.09471048742291917,0.7576838993833533
