,variable,correlation,p_value,corrected_p
1,governance_score,0.6133459814745361,1.8754283126127545e-16,1.5003426500902036e-15
2,corruption_score,-0.5761878853561004,2.7536161238160284e-14,2.2028928990528227e-13
0,vulnerability_total,0.5520242131246388,5.111183130957341e-13,4.088946504765873e-12
3,democracy_score,-0.5176764994422981,2.2153116051671968e-11,1.7722492841337574e-10
5,inequality_score,0.41794818664215894,1.5296364459407598e-07,1.2237091567526078e-06
4,basic_needs_score,0.4062076062396404,3.6355208599463155e-07,2.9084166879570524e-06
7,government_response_total,-0.38652795052992517,1.4432988228592575e-06,1.154639058287406e-05
6,conflict_score,0.21839731272823087,0.008090484419255228,0.06472387535404182
